datasourceid,time,rolling_pm25_24h,rolling_no2_24h
DACZY2913,2026-01-26T18:27:32.000Z,9.68,
DACZY2913,2026-01-27T04:22:16.000Z,13.135,
DACZY2913,2026-01-27T06:04:14.000Z,13.163333333333334,
DACZY2913,2026-02-10T20:05:10.000Z,15.11,11.16
DAETQ5676,2026-01-26T18:02:44.000Z,12.29,
DAEXF8484,2026-01-26T21:04:47.000Z,19.98,
DAEXF8484,2026-01-27T01:06:27.000Z,14.315000000000001,
DAEXF8484,2026-01-27T03:07:16.000Z,15.300000000000002,
DAEXF8484,2026-01-27T08:00:49.000Z,15.637500000000001,
DAHAJ0678,2025-11-28T02:25:59.513Z,7.26,
DAHAJ0678,2026-01-11T22:57:12.000Z,6.48,
DAHAJ0678,2026-01-21T15:01:10.000Z,14.31,
DAHAJ0678,2026-01-26T15:38:45.000Z,8.32,
DAHAJ0678,2026-01-26T18:33:39.000Z,8.985,
DAHAJ0678,2026-01-27T03:00:46.000Z,11.796666666666667,
DAHAJ0678,2026-01-27T14:22:28.000Z,11.4125,
DAHAJ0678,2026-02-27T13:31:45.000Z,23.34,
DAHWZ2321,2026-01-26T13:14:26.000Z,7.85,
DAHWZ2321,2026-01-27T06:56:02.000Z,12.855,
DAHWZ2321,2026-01-27T07:13:19.000Z,14.203333333333333,
DAHWZ2321,2026-01-27T11:15:14.000Z,14.9225,
DAJHM7956,2026-01-26T13:14:55.000Z,15.34,
DAJHM7956,2026-01-27T04:28:06.000Z,17.075,
DAJHM7956,2026-02-10T04:48:24.000Z,16.06,15.75
DALBP5360,2026-01-26T13:32:19.000Z,5.97,
DALBP5360,2026-01-26T20:27:45.000Z,9.2,
DALBP5360,2026-01-27T01:04:44.000Z,8.773333333333333,
DALBP5360,2026-01-27T04:15:10.000Z,9.57,
DALBP5360,2026-01-27T06:16:20.000Z,10.412,
DALBP5360,2026-01-27T14:03:37.000Z,10.676,
DALBP5360,2026-02-10T20:45:50.000Z,15.1,12.27
DAMWS8859,2026-01-26T14:35:35.000Z,8.47,
DAPBK7657,2026-01-26T13:25:55.000Z,7.73,
DAPBK7657,2026-01-26T21:33:19.000Z,10.46,
DAPBK7657,2026-01-27T06:15:28.000Z,11.643333333333333,
DAPJK7781,2026-01-27T10:18:12.000Z,11.54,
DAREG6245,2026-01-15T10:51:00.000Z,3.51,
DAREG6245,2026-01-26T12:54:09.000Z,10.38,
DAREG6245,2026-01-26T20:50:52.000Z,12.5,
DAREG6245,2026-01-27T04:29:52.000Z,16.28,
DAREG6245,2026-01-27T11:15:41.000Z,16.0375,
DAREG6245,2026-02-10T20:05:49.000Z,17.29,14.34
DARLP7776,2026-01-26T14:59:44.000Z,10.2,
DARLP7776,2026-01-26T15:51:09.000Z,9.715,
DARLP7776,2026-01-26T17:51:04.000Z,10.11,
DARLP7776,2026-01-27T04:42:04.000Z,11.95,
DARLP7776,2026-01-27T07:16:12.000Z,12.839999999999998,
DARLP7776,2026-02-10T05:08:21.000Z,18.29,20.74
DATLR2184,2026-01-26T17:31:52.000Z,9.9,
DATLR2184,2026-01-27T03:43:29.000Z,12.91,
DATLR2184,2026-01-27T09:15:28.000Z,14.586666666666668,
DATLR2184,2026-01-27T11:52:45.000Z,15.07,
DATLR2184,2026-01-27T14:12:33.000Z,14.242,
DAUPG9028,2026-01-27T00:10:57.000Z,10.72,
DAUPG9028,2026-01-27T12:42:38.000Z,11.715,
DAUPG9028,2026-02-10T21:47:17.000Z,22.21,10.99
DAWAP1896,2026-01-26T23:03:29.000Z,11.43,
DAWAP1896,2026-01-27T03:08:49.000Z,13.309999999999999,
DAWAP1896,2026-01-27T04:36:27.000Z,13.556666666666667,
DAWAP1896,2026-01-27T05:29:01.000Z,13.450000000000001,
DAWAP1896,2026-01-27T06:56:37.000Z,13.752,
DAWAP1896,2026-01-27T07:49:11.000Z,13.955,
DAWAP1896,2026-02-10T06:36:38.000Z,15.18,14.07
DAWUS6556,2026-01-27T10:56:26.000Z,13.22,
DAWUS6556,2026-02-20T21:49:12.000Z,9.31,
DAYYE9472,2026-01-26T16:30:40.000Z,9.45,
DAYYE9472,2026-01-27T05:22:10.000Z,14.35,
DBASA0396,2026-01-27T01:38:19.000Z,16.75,
DBASA0396,2026-01-27T02:47:29.000Z,21.695,
DBASA0396,2026-02-10T23:34:46.000Z,20.72,17.44
DBCBA3610,2026-02-10T14:45:28.000Z,23.7,18.19
DBCBA3610,2026-02-10T20:35:00.000Z,19.735,16.65
DBDBP2246,2026-01-26T19:22:53.000Z,15.83,
DBDBP2246,2026-01-26T22:00:55.000Z,16.91,
DBDBP2246,2026-01-27T08:50:27.000Z,16.363333333333333,
DBDSX9338,2026-01-26T22:37:42.000Z,16.88,
DBDSX9338,2026-01-27T07:01:07.000Z,19.43,
DBDSX9338,2026-02-10T23:10:15.000Z,23.13,21.9
DBDSX9338,2026-02-11T00:02:05.000Z,30.54,19.765
DBFUZ7169,2026-01-27T04:27:41.000Z,17.96,
DBFUZ7169,2026-01-27T04:45:09.000Z,17.65,
DBFUZ7169,2026-01-27T05:20:03.000Z,17.043333333333333,
DBIRF2035,2026-01-26T12:33:37.000Z,6.49,
DBIRF2035,2026-01-27T06:07:39.000Z,14.850000000000001,
DBIRF2035,2026-01-27T14:45:47.000Z,15.985,
DBIRF2035,2026-02-10T20:24:24.000Z,16.91,17.45
DBIZF0451,2026-01-26T15:02:27.000Z,9.09,
DBIZF0451,2026-01-26T19:41:16.000Z,10.295,
DBIZF0451,2026-01-26T21:25:49.000Z,11.76,
DBIZF0451,2026-01-27T11:04:45.000Z,12.4425,
DBIZF0451,2026-01-27T12:14:24.000Z,12.464000000000002,
DBJPV1452,2026-01-27T03:37:22.000Z,18.95,
DBLXJ4454,2026-01-26T22:13:09.000Z,12.22,
DBLXJ4454,2026-01-27T14:19:38.000Z,12.06,
DBLXJ4454,2026-01-27T14:37:12.000Z,11.96,
DBMHJ0743,2026-01-26T14:48:37.000Z,8.6,
DBMHJ0743,2026-01-26T23:57:05.000Z,11.68,
DBMHJ0743,2026-01-27T11:39:43.000Z,11.666666666666666,
DBTKW5792,2026-02-10T03:45:14.000Z,17.62,14.84
DBYCW6873,2026-01-26T18:12:52.000Z,7.31,
DBYCW6873,2026-01-27T07:45:39.000Z,10.975,
DBYCW6873,2026-01-27T12:39:27.000Z,11.176666666666668,
DBYCW6873,2026-01-27T14:05:52.000Z,10.535,
DBYCW6873,2026-02-10T04:50:50.000Z,17.63,15.71
DBZCJ6205,2026-01-26T12:22:40.000Z,13.38,
DBZCJ6205,2026-01-27T03:00:28.000Z,17.88,
DBZCJ6205,2026-01-27T03:52:06.000Z,19.006666666666664,
DBZCJ6205,2026-01-27T11:43:56.000Z,18.599999999999998,
DBZCJ6205,2026-02-10T15:00:36.000Z,27.74,28.62
DCABM0358,2026-01-26T23:18:15.000Z,14.36,
DCABM0358,2026-01-27T00:27:56.000Z,11.455,
DCABM0358,2026-01-27T01:55:03.000Z,10.736666666666666,
DCABM0358,2026-01-27T12:46:40.000Z,10.9025,
DCABM0358,2026-02-10T06:25:32.000Z,17.87,14.29
DCABM0358,2026-02-10T06:42:54.000Z,18.92,13.239999999999998
DCAFN1583,2026-01-26T18:31:45.000Z,11.49,
DCAFN1583,2026-01-26T23:46:20.000Z,15.77,
DCAFN1583,2026-01-27T05:01:06.000Z,16.973333333333333,
DCFVE7122,2026-01-26T22:31:19.000Z,13.71,
DCFVE7122,2026-01-27T11:55:17.000Z,13.955,
DCFVE7122,2026-01-27T14:32:30.000Z,13.106666666666667,
DCHTB8281,2026-01-26T16:17:25.000Z,8.44,
DCHTB8281,2026-02-10T14:06:48.000Z,20.84,26.52
DCIJQ7018,2026-01-27T10:30:36.000Z,17.55,
DCIJQ7018,2026-02-10T15:08:46.000Z,25.64,22.31
DCIJQ7018,2026-02-10T20:56:59.000Z,21.605,16.0
DCIRD2804,2026-01-26T13:25:16.000Z,8.81,
DCIRD2804,2026-01-26T13:42:26.000Z,8.530000000000001,
DCIRD2804,2026-01-27T12:35:21.000Z,9.313333333333334,
DCIRD2804,2026-01-27T14:18:15.000Z,10.545000000000002,
DCQTB2627,2026-01-26T15:35:51.000Z,8.41,
DCQTB2627,2026-01-27T10:44:45.000Z,12.73,
DCQTB2627,2026-02-10T23:15:21.000Z,22.84,9.03
DCRJT8545,2026-01-26T12:27:48.000Z,9.07,
DCRJT8545,2026-01-26T13:19:03.000Z,10.165,
DCRJT8545,2026-01-26T23:00:31.000Z,15.270000000000001,
DCRJT8545,2026-01-27T12:41:08.000Z,20.353333333333335,
DCRJT8545,2026-02-10T06:10:37.000Z,15.55,16.46
DCRJT8545,2026-02-10T21:33:10.000Z,16.68,19.765
DCYXM8877,2026-01-26T18:29:46.000Z,10.19,
DCYXM8877,2026-01-27T09:08:25.000Z,15.485,
DCYXM8877,2026-02-10T04:23:44.000Z,19.23,17.07
DCYXM8877,2026-02-10T20:26:37.000Z,18.740000000000002,13.73
DCZQF3538,2026-01-26T15:37:40.000Z,8.55,
DCZQF3538,2026-01-27T05:52:57.000Z,12.465,
DCZQF3538,2026-01-27T11:17:41.000Z,12.219999999999999,
DDCVA2276,2026-01-27T07:01:55.000Z,10.44,
DDCVA2276,2026-01-27T11:08:31.000Z,9.684999999999999,
DDCVA2276,2026-02-10T04:53:13.000Z,13.41,15.09
DDFTD2975,2026-01-27T02:53:09.000Z,27.06,
DDGFW8206,2026-01-26T19:00:52.000Z,7.41,
DDGFW8206,2026-01-27T00:30:26.000Z,6.275,
DDGFW8206,2026-01-27T02:14:32.000Z,7.796666666666667,
DDGFW8206,2026-01-27T08:36:09.000Z,8.185,
DDGHI0125,2026-01-26T12:18:35.000Z,7.22,
DDGHI0125,2026-02-10T06:35:32.000Z,18.15,16.68
DDHVZ6546,2026-01-26T16:51:13.000Z,11.18,
DDHVZ6546,2026-01-27T00:38:03.000Z,11.165,
DDHVZ6546,2026-02-10T15:31:19.000Z,29.25,22.58
DDHVZ6546,2026-02-10T20:59:31.000Z,23.045,18.75
DDQNT6485,2026-01-26T13:02:21.000Z,9.43,
DDQNT6485,2026-01-27T02:32:40.000Z,13.845,
DDQNT6485,2026-01-27T09:28:15.000Z,14.956666666666669,
DDQNT6485,2026-01-27T14:38:16.000Z,15.146666666666667,
DEIDA3268,2026-01-27T05:02:51.000Z,17.76,
DEIDA3268,2026-01-27T12:16:05.000Z,13.875,
DEJMD2536,2025-11-10T12:46:32.314Z,2.67,
DEJMD2536,2025-11-30T01:04:33.154Z,9.47,
DEJMD2536,2025-12-01T20:56:14.946Z,17.48,
DEJMD2536,2025-12-07T12:25:38.379Z,16.35,
DEJMD2536,2025-12-10T20:18:05.078Z,4.32,
DEJMD2536,2025-12-10T22:00:10.827Z,4.245,
DEJMD2536,2025-12-12T07:29:30.712Z,15.64,
DEJMD2536,2025-12-14T05:32:05.082Z,4.17,
DEJMD2536,2025-12-20T10:39:11.891Z,5.34,
DEJMD2536,2025-12-30T18:21:20.401Z,4.08,
DEJMD2536,2026-01-14T17:51:20.000Z,4.13,
DEJMD2536,2026-01-27T03:05:53.000Z,12.69,
DEJMD2536,2026-01-27T04:48:26.000Z,14.23,
DEJMD2536,2026-01-31T22:49:03.000Z,4.0,
DEJMD2536,2026-02-23T03:58:54.000Z,4.26,
DEJMD2536,2026-03-01T22:22:25.000Z,4.32,
DEJMD2536,2026-03-17T19:04:08.000Z,5.2,
DEPLW3142,2026-01-26T20:27:37.000Z,13.16,
DEPLW3142,2026-01-26T20:44:57.000Z,13.77,
DEPLW3142,2026-01-26T23:55:36.000Z,13.323333333333332,
DEPLW3142,2026-01-27T01:22:21.000Z,12.115,
DEQFM3089,2026-01-27T04:10:30.000Z,19.67,
DEQFM3089,2026-01-27T09:20:51.000Z,17.075000000000003,
DEQFM3089,2026-01-27T10:47:01.000Z,15.250000000000002,
DEQFM3089,2026-01-27T11:38:44.000Z,13.847500000000002,
DEQFM3089,2026-02-10T05:08:23.000Z,14.17,16.0
DEQFM3089,2026-02-10T05:59:58.000Z,11.975,15.895
DEQFM3089,2026-02-10T14:01:21.000Z,15.62,18.099999999999998
DEVFQ3796,2026-01-26T12:31:33.000Z,7.66,
DEVFQ3796,2026-01-27T00:18:10.000Z,8.690000000000001,
DEVFQ3796,2026-01-27T05:36:20.000Z,11.393333333333336,
DEVFQ3796,2026-02-10T21:12:31.000Z,19.65,12.07
DEWGT8066,2026-01-26T20:09:32.000Z,12.19,
DEWGT8066,2026-01-26T22:29:58.000Z,12.895,
DEWGT8066,2026-01-27T00:15:20.000Z,15.186666666666667,
DEWGT8066,2026-01-27T14:00:27.000Z,13.97,
DEWGT8066,2026-02-10T15:06:55.000Z,27.41,22.27
DEWGT8066,2026-02-28T22:41:02.000Z,,
DEYGE9157,2026-01-26T18:54:45.000Z,5.89,
DFAKZ8204,2026-02-10T03:51:25.000Z,18.47,13.36
DFAKZ8204,2026-02-10T04:25:47.000Z,18.22,13.54
DFAQM2360,2026-01-27T00:02:33.000Z,13.42,
DFAQM2360,2026-01-27T08:18:24.000Z,16.55,
DFAQM2360,2026-01-27T08:35:29.000Z,17.013333333333335,
DFAQM2360,2026-01-27T10:18:01.000Z,16.9525,
DFAQM2360,2026-01-27T12:17:45.000Z,16.418,
DFAQM2360,2026-01-27T14:34:33.000Z,15.423333333333334,
DFCTF9310,2026-01-27T01:21:06.000Z,8.92,
DFCTF9310,2026-01-27T03:39:08.000Z,15.335,
DFDFU1164,2026-01-26T13:36:20.000Z,10.14,
DFDFU1164,2026-02-10T21:18:06.000Z,19.67,21.14
DFDVG9143,2026-01-26T18:33:21.000Z,6.99,
DFDVG9143,2026-02-10T20:48:16.000Z,21.96,15.93
DFDVG9143,2026-02-10T23:39:59.000Z,22.759999999999998,14.719999999999999
DFEAJ0038,2025-12-08T02:28:49.366Z,3.42,
DFEAJ0038,2025-12-15T17:56:31.734Z,,
DFEAJ0038,2025-12-30T22:53:13.723Z,5.03,
DFEAJ0038,2026-01-05T01:54:01.907Z,20.0,
DFEAJ0038,2026-01-17T11:49:27.000Z,,
DFEAJ0038,2026-01-17T22:58:37.000Z,,
DFEAJ0038,2026-01-18T00:24:25.000Z,,
DFEAJ0038,2026-01-18T02:24:31.000Z,,
DFEAJ0038,2026-01-26T17:01:06.000Z,23.27,
DFEAJ0038,2026-01-27T05:54:01.000Z,19.145,
DFEAJ0038,2026-01-27T10:28:45.000Z,20.03333333333333,
DFEAJ0038,2026-01-29T14:51:24.000Z,,
DFEAJ0038,2026-02-01T12:16:08.000Z,,
DFEAJ0038,2026-02-05T20:12:20.000Z,25.23,
DFESS1920,2026-02-10T14:04:25.000Z,20.01,34.63
DFFDA0268,2026-01-26T13:54:52.000Z,6.46,
DFFDA0268,2026-01-27T01:40:55.000Z,7.994999999999999,
DFFDA0268,2026-02-10T04:01:43.000Z,18.06,17.84
DFIBC1899,2026-01-26T12:36:08.000Z,12.61,
DFIBC1899,2026-01-27T00:05:35.000Z,11.33,
DFIBC1899,2026-01-27T01:21:07.000Z,14.453333333333333,
DFIBC1899,2026-01-27T01:30:01.000Z,15.68,
DFIBC1899,2026-01-27T04:49:55.000Z,14.978,
DFIBC1899,2026-01-27T10:08:51.000Z,15.013333333333334,
DFIBC1899,2026-01-27T12:44:15.000Z,15.406666666666666,
DFIRX1818,2026-01-26T20:31:52.000Z,16.38,
DFIRX1818,2026-01-27T03:27:39.000Z,17.494999999999997,
DFIRX1818,2026-01-27T05:28:54.000Z,17.866666666666664,
DFIRX1818,2026-02-10T23:27:15.000Z,24.19,10.88
DFKYH6865,2026-01-26T19:00:29.000Z,7.98,
DFKYH6865,2026-01-26T19:35:34.000Z,9.86,
DFKYH6865,2026-01-27T00:33:40.000Z,9.266666666666666,
DFKYH6865,2026-01-27T07:52:12.000Z,11.155,
DFKYH6865,2026-01-27T10:47:33.000Z,11.354,
DFKYH6865,2026-02-10T23:49:29.000Z,22.02,15.62
DFKYP0941,2026-01-26T17:33:16.000Z,6.66,
DFKYP0941,2026-01-27T03:01:12.000Z,7.75,
DFMDU1576,2026-01-27T06:46:25.000Z,17.84,
DFMDU1576,2026-02-10T04:50:23.000Z,23.09,27.04
DFNBI6922,2026-01-26T13:22:56.000Z,7.09,
DFNBI6922,2026-01-26T13:40:10.000Z,7.57,
DFNBI6922,2026-01-26T14:31:51.000Z,8.153333333333334,
DFNBI6922,2026-01-26T22:51:19.000Z,8.715,
DFNBI6922,2026-01-27T04:53:26.000Z,10.256,
DFNBI6922,2026-01-27T10:55:22.000Z,10.08,
DFNHF0256,2026-01-27T08:18:37.000Z,13.45,
DFNHF0256,2026-01-27T14:21:33.000Z,11.07,
DFQDK6326,2025-11-11T11:07:39.497Z,,
DFQDK6326,2026-01-26T12:38:51.000Z,7.48,
DFQDK6326,2026-01-26T22:34:30.000Z,9.645,
DFQDK6326,2026-01-26T23:09:30.000Z,12.053333333333333,
DFQDK6326,2026-01-27T06:11:21.000Z,12.41,
DFQDK6326,2026-01-27T10:51:31.000Z,12.7,
DFRKF1779,2026-01-26T16:33:50.000Z,9.93,
DFRKF1779,2026-01-26T23:13:36.000Z,11.719999999999999,
DFRKF1779,2026-01-27T04:43:55.000Z,13.443333333333333,
DFRKF1779,2026-01-27T11:40:52.000Z,14.1025,
DFVRF7063,2026-01-26T14:43:03.000Z,8.1,
DFVRF7063,2026-02-10T03:30:48.000Z,22.48,21.05
DGAID0757,2026-02-10T06:55:32.000Z,14.58,12.69
DGDNA0617,2026-01-26T19:40:06.000Z,13.42,
DGDNA0617,2026-01-26T20:14:58.000Z,12.475,
DGDNA0617,2026-01-26T23:09:17.000Z,12.39,
DGDNA0617,2026-02-10T23:34:38.000Z,24.29,15.5
DGEPF8361,2026-01-27T02:59:09.000Z,33.77,
DGEPF8361,2026-01-27T05:51:30.000Z,29.17,
DGEPF8361,2026-02-10T20:30:07.000Z,21.28,12.47
DGGGM0466,2026-01-26T14:36:50.000Z,7.22,
DGGGM0466,2026-01-26T20:17:43.000Z,7.115,
DGGGM0466,2026-01-27T01:58:39.000Z,7.2,
DGGGM0466,2026-01-27T03:40:56.000Z,9.2675,
DGGGM0466,2026-02-10T20:00:39.000Z,15.8,15.27
DGGGM0466,2026-02-10T20:51:37.000Z,15.84,15.54
DGHRH9009,2026-01-27T03:12:51.000Z,10.03,
DGHRH9009,2026-01-27T04:04:52.000Z,8.515,
DGHRH9009,2026-01-27T08:07:22.000Z,7.66,
DGHRH9009,2026-02-10T15:25:30.000Z,16.32,29.14
DGKDK3415,2026-01-26T12:23:49.000Z,7.01,
DGKDK3415,2026-01-26T19:45:47.000Z,7.279999999999999,
DGKDK3415,2026-01-27T01:56:57.000Z,6.949999999999999,
DGKDK3415,2026-01-27T11:39:54.000Z,7.534999999999999,
DGRCH4426,2026-01-26T15:39:38.000Z,7.22,
DGRCH4426,2026-01-26T21:38:04.000Z,10.425,
DGRCH4426,2026-01-27T01:19:57.000Z,9.316666666666668,
DGRCH4426,2026-01-27T11:51:22.000Z,10.33,
DGRCH4426,2026-02-10T15:10:33.000Z,24.57,14.6
DGRSB4646,2026-01-26T12:30:20.000Z,9.45,
DGRSB4646,2026-01-27T01:59:02.000Z,8.485,
DGRSB4646,2026-01-27T08:17:30.000Z,9.86,
DGRSB4646,2026-02-10T21:44:37.000Z,20.24,11.88
DGTDZ6242,2026-01-27T00:49:21.000Z,6.36,
DGTDZ6242,2026-01-27T02:17:28.000Z,7.74,
DGTDZ6242,2026-01-27T10:48:10.000Z,12.496666666666668,
DGTDZ6242,2026-02-11T00:00:39.000Z,22.4,21.7
DGTGR9009,2026-01-26T18:15:46.000Z,10.95,
DGTGR9009,2026-01-26T19:23:56.000Z,10.57,
DGZUS1041,2026-01-26T18:15:59.000Z,11.36,
DGZUS1041,2026-02-10T15:35:13.000Z,26.93,24.16
DHCXV0760,2026-01-26T18:28:53.000Z,9.83,
DHCXV0760,2026-01-27T14:56:56.000Z,8.915,
DHCXV0760,2026-03-17T07:30:09.000Z,,
DHCXV0760,2026-03-17T08:22:00.000Z,,
DHJUH1119,2026-01-26T22:15:17.000Z,8.67,
DHJUH1119,2026-01-27T06:01:40.000Z,11.059999999999999,
DHJUH1119,2026-02-10T03:55:48.000Z,18.09,19.54
DHJUH1119,2026-02-10T20:17:02.000Z,16.265,17.59
DHNQG0980,2026-01-26T22:03:04.000Z,17.68,
DHNQG0980,2026-01-27T06:01:21.000Z,19.445,
DHNQG0980,2026-02-10T21:38:52.000Z,17.96,12.46
DHQVH8975,2026-01-26T15:26:26.000Z,9.39,
DHQVH8975,2026-01-27T10:11:28.000Z,11.765,
DHSIJ5379,2026-01-26T23:07:16.000Z,16.45,
DHSIJ5379,2026-01-27T02:50:01.000Z,16.48,
DHSIJ5379,2026-01-27T06:49:55.000Z,15.780000000000001,
DHSIJ5379,2026-02-10T05:33:08.000Z,17.3,11.16
DHUBD2135,2026-01-26T18:16:08.000Z,10.88,
DHUBD2135,2026-01-27T00:08:20.000Z,10.21,
DHUBD2135,2026-01-27T02:46:47.000Z,12.516666666666666,
DHUBD2135,2026-01-27T06:53:15.000Z,13.0975,
DHUBD2135,2026-01-27T11:17:06.000Z,13.358,
DHWLS6819,2026-01-26T16:20:44.000Z,8.28,
DHWLS6819,2026-01-27T05:11:53.000Z,12.08,
DHWLS6819,2026-01-27T06:03:18.000Z,13.24,
DHWLS6819,2026-01-27T11:45:56.000Z,13.0425,
DHWLS6819,2026-01-27T12:20:11.000Z,13.364,
DHZTI7858,2026-01-27T11:50:41.000Z,12.26,
DHZTI7858,2026-01-27T12:08:22.000Z,10.67,
DHZTI7858,2026-02-10T15:10:35.000Z,23.3,19.06
DIBVR6629,2026-01-26T18:57:24.000Z,9.52,
DICQL6656,2026-01-27T02:48:50.000Z,16.25,
DICQL6656,2026-01-27T10:55:16.000Z,14.6,
DICQL6656,2026-02-10T05:48:27.000Z,17.83,12.48
DIEET8865,2026-01-27T10:32:54.000Z,12.21,
DIEET8865,2026-01-27T12:53:34.000Z,11.065000000000001,
DIEET8865,2026-01-27T14:03:53.000Z,10.356666666666667,
DIEET8865,2026-02-10T21:29:25.000Z,21.53,10.97
DIFPQ7419,2026-01-26T19:47:45.000Z,9.31,
DIFPQ7419,2026-01-26T21:51:30.000Z,11.655000000000001,
DIFPQ7419,2026-01-27T05:48:37.000Z,10.9,
DIFPQ7419,2026-02-10T03:37:52.000Z,12.52,22.4
DIFPQ7419,2026-02-10T21:12:31.000Z,13.625,17.165
DIHMX0551,2026-01-26T15:20:59.000Z,10.04,
DIHMX0551,2026-01-27T05:59:42.000Z,13.055,
DIIPF3878,2025-12-07T22:19:04.994Z,3.67,
DIIPF3878,2025-12-08T11:09:34.958Z,3.3449999999999998,
DIIPF3878,2025-12-14T17:28:13.726Z,6.21,
DIIPF3878,2025-12-19T02:48:06.106Z,8.33,
DIIPF3878,2025-12-19T03:23:06.245Z,7.95,
DIIPF3878,2026-01-01T09:14:48.300Z,3.85,
DIIPF3878,2026-01-26T08:34:47.000Z,8.76,
DIIPF3878,2026-01-26T12:58:14.000Z,8.065,
DIIPF3878,2026-01-27T03:18:08.000Z,10.716666666666667,
DIIPF3878,2026-01-27T12:22:14.000Z,11.693333333333333,
DIIPF3878,2026-01-30T22:34:38.000Z,3.24,
DIIPF3878,2026-02-03T20:54:54.000Z,4.12,
DIIPF3878,2026-02-04T00:42:59.000Z,4.505,
DIIPF3878,2026-02-07T00:32:55.000Z,3.37,
DIIPF3878,2026-02-10T13:48:25.000Z,21.55,36.27
DIIPF3878,2026-02-10T20:13:16.000Z,20.625,23.855
DIIPF3878,2026-02-10T21:23:14.000Z,20.973333333333333,22.036666666666665
DIIPF3878,2026-02-11T14:18:41.000Z,17.290000000000003,14.919999999999998
DIIPF3878,2026-02-24T15:59:20.000Z,8.7,
DIIPF3878,2026-03-01T00:25:09.000Z,3.83,
DIIPF3878,2026-03-01T18:13:33.000Z,4.0649999999999995,
DIIPF3878,2026-04-07T11:48:36.000Z,3.84,
DIPDE7442,2025-12-11T08:07:31.301Z,6.61,
DIPDE7442,2025-12-14T03:39:44.598Z,9.32,
DIPDE7442,2025-12-19T02:02:03.612Z,8.62,
DIPDE7442,2025-12-21T18:38:58.510Z,6.15,
DIPDE7442,2026-01-17T03:18:51.000Z,4.69,
DIPDE7442,2026-01-25T14:29:30.000Z,7.69,
DIPDE7442,2026-01-26T07:50:54.000Z,11.68,
DIPDE7442,2026-01-27T04:35:33.000Z,15.309999999999999,
DIPDE7442,2026-01-27T11:36:08.000Z,16.45,
DIPDE7442,2026-02-04T02:26:41.000Z,10.95,
DIPDE7442,2026-02-04T09:26:48.000Z,10.59,
DIPDE7442,2026-02-10T14:39:26.000Z,29.22,39.71
DIPDE7442,2026-02-10T23:49:17.000Z,24.365000000000002,28.6
DIPDE7442,2026-02-20T22:40:32.000Z,11.02,
DIPDE7442,2026-03-01T06:44:43.000Z,4.11,
DIPDE7442,2026-03-23T06:31:12.000Z,6.38,
DIQKT3554,2026-01-26T13:05:01.000Z,5.49,
DIQKT3554,2026-01-26T13:57:47.000Z,6.045,
DIQKT3554,2026-01-27T02:16:06.000Z,7.243333333333333,
DIRJX6254,2026-01-26T14:02:58.000Z,10.01,
DIRJX6254,2026-02-10T21:10:46.000Z,22.03,23.36
DITUM6528,2026-02-10T23:29:57.000Z,22.67,17.42
DITUY8368,2026-01-27T05:16:00.000Z,20.97,
DITUY8368,2026-02-10T05:04:41.000Z,18.93,13.97
DIUDG6358,2026-01-26T22:16:45.000Z,16.45,
DIUDG6358,2026-02-10T14:46:46.000Z,34.13,28.0
DIUZJ7853,2026-01-26T21:22:08.000Z,17.32,
DIUZJ7853,2026-01-26T22:13:56.000Z,15.440000000000001,
DIUZJ7853,2026-01-27T03:14:52.000Z,15.003333333333336,
DIUZJ7853,2026-01-27T05:50:18.000Z,14.345,
DIUZJ7853,2026-01-27T09:52:01.000Z,14.502,
DIUZJ7853,2026-01-27T11:35:35.000Z,14.5,
DIVZD0266,2026-01-26T22:32:46.000Z,20.21,
DIVZD0266,2026-01-27T07:43:15.000Z,19.825000000000003,
DIVZD0266,2026-01-27T09:26:26.000Z,19.51666666666667,
DIVZD0266,2026-02-10T15:19:36.000Z,27.33,35.51
DIWKR9442,2026-01-26T12:50:56.000Z,15.06,
DIWKR9442,2026-02-10T21:59:15.000Z,20.59,23.67
DIWYY0447,2026-01-27T01:06:46.000Z,6.14,
DIXEX6164,2026-01-27T04:29:08.000Z,19.53,
DIXEX6164,2026-01-27T10:36:15.000Z,16.995,
DIXEX6164,2026-01-27T10:53:44.000Z,16.346666666666668,
DIXEX6164,2026-01-27T12:03:38.000Z,15.312500000000002,
DIXEX6164,2026-02-10T05:37:44.000Z,17.08,10.52
DIXEX6164,2026-02-10T20:44:37.000Z,18.485,9.78
DIXUN6634,2026-01-26T12:08:06.000Z,8.94,
DIXUN6634,2026-01-26T23:13:41.000Z,12.355,
DIXUN6634,2026-01-27T06:49:08.000Z,14.790000000000001,
DIXUN6634,2026-01-27T14:23:56.000Z,15.286666666666667,
DIXUN6634,2026-02-10T19:58:53.000Z,19.09,9.68
DIXUN6634,2026-02-10T20:33:35.000Z,18.55,10.149999999999999
DIZEF3591,2026-01-27T11:10:15.000Z,11.29,
DJCYU2364,2026-01-26T20:02:11.000Z,12.07,
DJCYU2364,2026-01-27T01:10:27.000Z,10.985,
DJCYU2364,2026-01-27T07:44:23.000Z,12.273333333333333,
DJCYU2364,2026-02-10T23:47:05.000Z,22.07,18.87
DJGDZ3688,2026-01-26T20:55:23.000Z,15.8,
DJGDZ3688,2026-01-27T03:40:07.000Z,17.509999999999998,
DJGDZ3688,2026-01-27T11:17:22.000Z,16.333333333333332,
DJHFB1439,2026-01-26T22:37:34.000Z,14.37,
DJIHM1001,2026-02-10T20:29:46.000Z,14.83,21.72
DJIHM1001,2026-02-10T21:03:54.000Z,16.16,19.78
DJJVG1917,2026-01-26T21:25:16.000Z,13.4,
DJJVG1917,2026-01-27T01:12:39.000Z,10.27,
DJJVG1917,2026-01-27T07:37:26.000Z,10.836666666666666,
DJJVG1917,2026-01-27T10:32:12.000Z,11.7975,
DJJVG1917,2026-01-27T14:36:50.000Z,11.628,
DJJVG1917,2026-02-10T05:31:13.000Z,18.87,17.66
DJKZD4256,2026-01-26T22:44:53.000Z,6.15,
DJKZD4256,2026-01-26T23:19:31.000Z,7.2250000000000005,
DJKZD4256,2026-01-27T00:46:07.000Z,6.456666666666667,
DJKZD4256,2026-01-27T12:01:03.000Z,7.0,
DJKZD4256,2026-02-10T14:51:29.000Z,15.56,25.69
DJKZD4256,2026-02-10T23:30:33.000Z,14.370000000000001,19.185000000000002
DJKZD4256,2026-02-10T23:47:50.000Z,14.873333333333335,17.59
DJSLY4013,2026-01-27T05:15:37.000Z,18.64,
DJSLY4013,2026-01-27T05:32:46.000Z,18.695,
DJSLY4013,2026-02-10T21:38:42.000Z,19.5,27.18
DJWGZ0445,2026-01-26T21:53:59.000Z,10.42,
DJWGZ0445,2026-01-26T22:45:22.000Z,11.315000000000001,
DJWGZ0445,2026-02-10T03:32:42.000Z,17.8,20.59
DJWGZ0445,2026-02-11T00:02:12.000Z,20.439999999999998,20.83
DKDJK5693,2026-01-26T14:19:40.000Z,11.92,
DKDJK5693,2026-01-27T14:52:08.000Z,13.51,
DKHYU9123,2026-01-27T00:50:00.000Z,8.17,
DKHYU9123,2026-01-27T14:37:15.000Z,11.43,
DKIJX6114,2026-01-26T21:21:20.000Z,7.19,
DKIJX6114,2026-01-26T23:39:59.000Z,6.880000000000001,
DKIJX6114,2026-01-27T02:16:04.000Z,6.493333333333333,
DKIJX6114,2026-01-27T03:25:22.000Z,6.8125,
DKIJX6114,2026-02-10T14:33:20.000Z,20.98,21.77
DKIJX6114,2026-02-11T00:03:41.000Z,19.025,19.375
DKISS7174,2026-01-26T14:50:37.000Z,8.83,
DKISS7174,2026-01-26T16:00:06.000Z,8.865,
DKISS7174,2026-01-26T22:22:03.000Z,11.36,
DKISS7174,2026-01-27T02:25:09.000Z,13.28,
DKISS7174,2026-01-27T04:09:22.000Z,15.118,
DKISS7174,2026-01-27T12:32:46.000Z,16.115,
DKNMF4367,2026-02-10T04:12:11.000Z,18.66,19.49
DKRXT7147,2026-01-26T22:39:17.000Z,12.82,
DKRXT7147,2026-01-27T12:13:21.000Z,13.995000000000001,
DKTWP2892,2026-01-26T13:06:11.000Z,9.76,
DKTWP2892,2026-01-26T15:25:03.000Z,8.36,
DKTWP2892,2026-01-27T11:39:19.000Z,8.866666666666667,
DKTWP2892,2026-02-10T21:01:44.000Z,18.8,9.69
DKUAZ4434,2026-01-27T03:12:55.000Z,16.74,
DKWDP4373,2026-01-27T03:50:24.000Z,13.7,
DKWDP4373,2026-01-27T12:21:45.000Z,13.405,
DKXFR1580,2026-01-26T12:20:27.000Z,7.46,
DKXFR1580,2026-01-27T10:51:05.000Z,11.525,
DKXFR1580,2026-02-10T04:06:07.000Z,18.87,21.85
DLAIF4030,2025-12-09T01:47:17.129Z,15.18,
DLAIF4030,2025-12-20T10:08:30.941Z,6.76,
DLAIF4030,2025-12-20T10:26:08.174Z,6.34,
DLAIF4030,2025-12-21T16:22:39.647Z,6.51,
DLAIF4030,2025-12-21T23:42:56.602Z,7.99,
DLAIF4030,2025-12-29T14:05:23.808Z,6.57,
DLAIF4030,2026-01-26T13:20:02.000Z,14.07,
DLAIF4030,2026-02-10T05:44:54.000Z,20.36,22.85
DLAIF4030,2026-02-10T15:25:42.000Z,25.64,23.815
DLAIF4030,2026-03-14T11:26:04.000Z,4.7,
DLDVK7370,2026-01-26T13:15:17.000Z,11.74,
DLDVK7370,2026-01-26T18:31:52.000Z,11.690000000000001,
DLDVK7370,2026-01-26T23:13:12.000Z,11.606666666666667,
DLDVK7370,2026-01-27T00:05:58.000Z,10.8975,
DLDVK7370,2026-01-27T04:47:31.000Z,11.63,
DLDVK7370,2026-01-27T10:39:06.000Z,12.131666666666668,
DLFZU4679,2026-01-26T22:41:20.000Z,9.92,
DLFZU4679,2026-01-27T03:22:33.000Z,12.39,
DLFZU4679,2026-01-27T10:41:45.000Z,11.933333333333332,
DLFZU4679,2026-02-10T15:09:26.000Z,25.49,32.13
DLIKU5639,2026-02-10T15:23:58.000Z,25.96,22.56
DLIKU5639,2026-02-10T20:03:02.000Z,21.630000000000003,20.365000000000002
DLJWW1620,2026-01-27T04:00:43.000Z,20.89,
DLJWW1620,2026-02-10T15:36:44.000Z,27.38,26.22
DLJWW1620,2026-02-10T23:47:26.000Z,25.725,22.064999999999998
DLNMW9381,2026-01-27T00:39:25.000Z,9.6,
DLNMW9381,2026-01-27T02:07:31.000Z,10.19,
DLNMW9381,2026-01-27T11:47:38.000Z,11.636666666666665,
DLTCH1397,2026-01-26T22:32:57.000Z,12.2,
DLTCH1397,2026-01-27T01:11:33.000Z,9.39,
DLTCH1397,2026-01-27T05:35:57.000Z,11.326666666666668,
DLUKV4510,2026-01-26T13:38:32.000Z,8.72,
DLUKV4510,2026-01-27T04:41:56.000Z,10.65,
DLUKV4510,2026-02-10T21:45:14.000Z,19.47,14.14
DLVFF5341,2026-01-26T13:56:23.000Z,7.25,
DLVFF5341,2026-01-27T01:19:26.000Z,6.65,
DLZBV6061,2026-01-26T13:19:26.000Z,7.59,
DLZBV6061,2026-01-27T03:15:54.000Z,12.26,
DMAFX5938,2026-01-27T03:02:48.000Z,17.48,
DMAFX5938,2026-02-11T00:05:25.000Z,21.31,12.85
DMARJ5120,2026-01-27T04:31:20.000Z,13.53,
DMARJ5120,2026-01-27T05:56:36.000Z,12.28,
DMARJ5120,2026-01-27T14:46:29.000Z,11.153333333333334,
DMARJ5120,2026-02-10T23:37:22.000Z,18.01,24.09
DMFEL5431,2026-01-26T23:25:09.000Z,13.65,
DMFEL5431,2026-01-27T12:02:39.000Z,14.355,
DMFEL5431,2026-01-27T12:20:16.000Z,15.053333333333333,
DMFEL5431,2026-02-10T21:33:43.000Z,19.92,15.75
DMHRT7456,2026-01-26T22:51:15.000Z,13.7,
DMHRT7456,2026-01-27T02:36:43.000Z,14.825,
DMHRT7456,2026-01-27T04:55:28.000Z,16.606666666666666,
DMHRT7456,2026-01-27T05:30:09.000Z,17.395,
DMIYV7889,2026-01-27T02:31:18.000Z,7.85,
DMIYV7889,2026-01-27T14:08:30.000Z,7.26,
DMIYV7889,2026-02-10T03:49:41.000Z,12.35,15.36
DMKJB8675,2026-01-26T13:08:14.000Z,9.6,
DMKJB8675,2026-01-26T14:34:43.000Z,10.105,
DMKJB8675,2026-02-10T21:08:07.000Z,24.93,13.71
DMLBL6950,2026-01-27T03:21:06.000Z,14.18,
DMLFU0523,2026-01-26T13:04:54.000Z,8.95,
DMLFU0523,2026-02-10T20:24:49.000Z,16.05,6.95
DMLFU0523,2026-02-10T23:35:02.000Z,18.935000000000002,9.825
DMLRY2750,2026-01-27T08:53:07.000Z,8.92,
DMLRY2750,2026-01-27T10:39:03.000Z,10.02,
DMLRY2750,2026-02-10T05:29:41.000Z,13.6,15.96
DMLRY2750,2026-05-02T08:59:59.000Z,,
DMLRY2750,2026-05-02T09:52:50.000Z,,
DMMAG3845,2026-01-27T07:03:31.000Z,10.14,
DMMAG3845,2026-01-27T11:43:05.000Z,8.295,
DMMRS6981,2026-01-27T00:13:33.000Z,7.93,
DMMRS6981,2026-01-27T01:05:26.000Z,8.49,
DMSGP0807,2026-01-26T13:07:12.000Z,8.23,
DMSGP0807,2026-01-26T17:50:42.000Z,8.695,
DMSGP0807,2026-01-26T18:26:07.000Z,8.993333333333334,
DMTRR1120,2026-01-26T20:36:31.000Z,13.22,
DMTRR1120,2026-01-26T22:21:08.000Z,14.155000000000001,
DMTRR1120,2026-01-26T22:56:02.000Z,14.986666666666666,
DMTRR1120,2026-01-27T00:23:16.000Z,13.3825,
DMTRR1120,2026-01-27T03:52:39.000Z,14.822,
DMTRR1120,2026-01-27T12:18:07.000Z,15.198333333333332,
DMVDY6300,2026-01-26T12:46:50.000Z,7.07,
DMVDY6300,2026-01-26T13:39:08.000Z,7.5600000000000005,
DMVDY6300,2026-02-10T15:23:46.000Z,28.0,18.66
DMYFE2499,2026-01-27T02:32:18.000Z,10.11,
DMYFE2499,2026-01-27T10:23:55.000Z,12.379999999999999,
DMYFE2499,2026-02-10T23:02:47.000Z,23.28,13.4
DMYFE2499,2026-02-10T23:55:15.000Z,24.145000000000003,15.620000000000001
DMYYS7663,2026-01-27T10:05:09.000Z,15.5,
DMYYS7663,2026-01-27T11:31:10.000Z,17.09,
DNBEB5545,2026-01-27T02:06:01.000Z,8.37,
DNBEB5545,2026-02-10T21:06:41.000Z,17.28,13.41
DNBKU3560,2026-01-26T13:16:16.000Z,8.04,
DNBKU3560,2026-01-27T00:22:26.000Z,8.495,
DNBKU3560,2026-02-10T19:53:24.000Z,18.12,18.38
DNCCJ5144,2026-01-27T02:20:50.000Z,11.58,
DNCCJ5144,2026-01-27T03:30:39.000Z,14.059999999999999,
DNCCJ5144,2026-01-27T12:21:27.000Z,12.846666666666666,
DNCCJ5144,2026-02-10T03:43:39.000Z,14.27,14.6
DNCCJ5144,2026-02-10T15:19:24.000Z,19.405,15.739999999999998
DNEXF4696,2026-01-27T11:17:26.000Z,21.8,
DNEXF4696,2026-02-10T04:40:12.000Z,20.12,28.72
DNEXF4696,2026-02-10T20:31:44.000Z,18.825000000000003,27.35
DNFCT5518,2026-01-26T23:40:25.000Z,9.61,
DNFCT5518,2026-01-27T11:27:43.000Z,9.61,
DNUKL3524,2026-01-26T19:48:17.000Z,10.11,
DNUKL3524,2026-01-26T23:50:17.000Z,12.809999999999999,
DNUKL3524,2026-01-27T12:48:38.000Z,13.096666666666666,
DNUKL3524,2026-02-10T05:30:42.000Z,18.54,23.08
DNVBM2851,2026-01-27T00:25:41.000Z,8.58,
DNVBM2851,2026-01-27T11:25:32.000Z,10.93,
DPBXQ5234,2026-01-26T20:56:19.000Z,12.89,
DPCUT7707,2026-02-10T04:53:35.000Z,17.13,30.59
DPDDG5192,2026-01-26T23:06:18.000Z,13.72,
DPDDG5192,2026-01-27T03:06:17.000Z,16.88,
DPDDG5192,2026-01-27T07:40:27.000Z,16.896666666666665,
DPDDG5192,2026-01-27T10:31:54.000Z,16.6225,
DPDDG5192,2026-01-27T12:31:49.000Z,16.544,
DPMWW4120,2026-01-26T13:32:25.000Z,8.41,
DPMWW4120,2026-01-26T21:47:26.000Z,10.455,
DPMWW4120,2026-01-27T02:30:17.000Z,10.9,
DPMWW4120,2026-01-27T11:02:52.000Z,12.047500000000001,
DPMWW4120,2026-01-27T13:59:34.000Z,12.8025,
DPNPJ6846,2026-01-27T14:01:55.000Z,14.25,
DPNPJ6846,2026-02-10T04:22:31.000Z,18.68,16.58
DPNPJ6846,2026-02-10T04:39:44.000Z,17.675,16.534999999999997
DPNPJ6846,2026-02-10T23:17:50.000Z,19.976666666666667,17.19333333333333
DPNPJ6846,2026-02-10T23:52:14.000Z,21.28,17.53
DPQMK5751,2026-01-27T08:08:18.000Z,14.69,
DPWHE0976,2026-01-26T14:36:56.000Z,10.53,
DPWHE0976,2026-01-26T22:56:29.000Z,11.17,
DPWHE0976,2026-01-27T04:06:21.000Z,11.969999999999999,
DPWHE0976,2026-01-27T06:24:02.000Z,11.91,
DPWHE0976,2026-02-10T21:42:17.000Z,18.59,16.08
DPWHE0976,2026-02-10T23:07:58.000Z,17.91,15.625
DQABT4506,2026-01-26T23:08:00.000Z,12.25,
DQABT4506,2026-01-27T03:45:58.000Z,14.69,
DQABT4506,2026-02-10T04:10:32.000Z,18.1,20.71
DQABT4506,2026-02-10T20:37:28.000Z,17.015,20.83
DQAJZ3770,2026-01-26T23:38:45.000Z,9.31,
DQAJZ3770,2026-01-26T23:55:51.000Z,9.98,
DQAJZ3770,2026-01-27T01:38:23.000Z,10.520000000000001,
DQAJZ3770,2026-01-27T03:03:50.000Z,11.9,
DQAJZ3770,2026-01-27T04:46:22.000Z,12.774000000000001,
DQAJZ3770,2026-01-27T06:11:43.000Z,13.136666666666668,
DQAJZ3770,2026-02-10T20:45:05.000Z,16.54,13.48
DQGPJ5322,2026-01-26T13:16:24.000Z,8.95,
DQGPJ5322,2026-01-27T09:47:38.000Z,10.145,
DQGPJ5322,2026-02-10T20:56:53.000Z,14.3,11.83
DQIUL8061,2026-01-26T21:15:26.000Z,73.66,
DQIUL8061,2026-01-27T00:08:11.000Z,42.04,
DQJDZ1252,2026-01-26T12:25:54.000Z,12.61,
DQJDZ1252,2026-01-26T16:50:04.000Z,10.485,
DQJDZ1252,2026-01-26T22:42:00.000Z,11.096666666666666,
DQJDZ1252,2026-01-27T00:10:01.000Z,10.3025,
DQJDZ1252,2026-01-27T01:38:03.000Z,10.658,
DQJVA6225,2026-01-26T20:49:07.000Z,13.95,
DQJVA6225,2026-01-27T05:43:33.000Z,15.06,
DQRVM2041,2026-01-27T12:13:18.000Z,12.37,
DQRVM2041,2026-02-10T20:26:32.000Z,13.45,13.65
DQTUI1287,2026-01-27T04:55:48.000Z,13.1,
DQTUI1287,2026-01-27T06:04:25.000Z,11.725,
DQTUI1287,2026-01-27T11:47:58.000Z,11.579999999999998,
DQTUI1287,2026-02-10T20:08:27.000Z,24.54,8.41
DQUUS8611,2026-01-27T04:14:29.000Z,13.49,
DQUUS8611,2026-01-27T12:15:23.000Z,11.344999999999999,
DQVFE3070,2026-01-26T12:46:52.000Z,5.74,
DQVFE3070,2026-01-26T21:38:46.000Z,8.075,
DQVFE3070,2026-01-27T11:56:36.000Z,9.743333333333332,
DQVGW1846,2026-01-26T22:41:38.000Z,14.48,
DQVGW1846,2026-01-27T03:48:08.000Z,14.455,
DQVGW1846,2026-02-10T20:20:52.000Z,17.1,13.75
DQWCU6663,2026-01-26T20:04:41.000Z,13.38,
DQWCU6663,2026-01-27T04:09:56.000Z,13.375,
DQWCU6663,2026-02-10T21:11:37.000Z,19.55,11.01
DQXJA8041,2026-01-26T12:20:02.000Z,10.98,
DQXJA8041,2026-01-26T12:37:06.000Z,10.22,
DQXJA8041,2026-01-27T12:14:17.000Z,11.556666666666667,
DQZEA3135,2026-01-26T20:44:55.000Z,13.6,
DQZEA3135,2026-01-27T04:03:26.000Z,16.97,
DQZIL1804,2026-01-26T18:46:58.000Z,11.15,
DQZIL1804,2026-01-27T04:29:17.000Z,13.0,
DQZIL1804,2026-02-10T13:54:53.000Z,23.61,32.54
DRCQU4244,2026-01-27T01:25:47.000Z,10.22,
DRCQU4244,2026-01-27T06:36:20.000Z,12.004999999999999,
DRCQU4244,2026-01-27T07:28:04.000Z,13.003333333333332,
DRDMU5348,2026-01-26T18:40:37.000Z,7.3,
DRDMU5348,2026-01-26T19:31:52.000Z,7.135,
DRDMU5348,2026-01-27T11:45:32.000Z,7.833333333333333,
DRDMU5348,2026-02-10T06:34:24.000Z,16.85,18.8
DRDZF3698,2026-01-26T12:57:52.000Z,7.29,
DRDZF3698,2026-02-10T03:13:22.000Z,18.68,24.9
DRDZF3698,2026-02-10T21:36:18.000Z,18.735,22.119999999999997
DRHPF2920,2026-01-27T03:14:00.000Z,20.81,
DRHPF2920,2026-02-10T21:26:51.000Z,19.29,24.72
DRILK5150,2026-01-26T23:11:35.000Z,13.97,
DRILK5150,2026-01-26T23:28:51.000Z,12.129999999999999,
DRILK5150,2026-01-27T06:05:50.000Z,14.636666666666665,
DRILK5150,2026-01-27T11:33:35.000Z,14.075,
DRJGY6541,2026-01-26T15:29:26.000Z,7.05,
DRJGY6541,2026-01-27T09:05:30.000Z,10.81,
DRJGY6541,2026-01-27T09:40:05.000Z,11.773333333333333,
DRJGY6541,2026-02-10T20:01:40.000Z,16.66,11.44
DRJPX9457,2026-01-27T03:25:55.000Z,21.83,
DRRDD3500,2026-01-26T14:20:19.000Z,8.97,
DRUBP9408,2026-01-27T03:15:02.000Z,16.72,
DRYBG8957,2026-01-26T12:43:20.000Z,8.16,
DRYBG8957,2026-02-10T20:35:20.000Z,16.46,21.49
DRZTP3103,2026-01-26T23:00:37.000Z,9.19,
DRZTP3103,2026-01-27T00:09:09.000Z,9.605,
DRZTP3103,2026-01-27T07:34:35.000Z,10.933333333333332,
DSHWY2305,2026-01-26T22:10:16.000Z,9.72,
DSHWY2305,2026-01-26T23:02:13.000Z,10.015,
DSHWY2305,2026-01-27T07:42:16.000Z,11.653333333333334,
DSHYP2656,2026-01-27T02:12:48.000Z,14.73,
DSHYP2656,2026-01-27T09:09:48.000Z,14.425,
DSHYP2656,2026-02-10T14:13:29.000Z,21.48,28.9
DSKDX3738,2026-01-26T13:21:28.000Z,7.78,
DSKDX3738,2026-01-26T22:07:00.000Z,12.08,
DSKDX3738,2026-01-27T00:27:11.000Z,12.26,
DSKDX3738,2026-01-27T03:22:30.000Z,13.84,
DSKDX3738,2026-01-27T10:23:07.000Z,14.334,
DSKEW3707,2026-01-26T21:12:37.000Z,15.41,
DSKEW3707,2026-01-27T09:55:48.000Z,16.490000000000002,
DSSQU9498,2026-01-26T14:48:39.000Z,6.21,
DSSQU9498,2026-01-26T17:40:52.000Z,6.76,
DSSQU9498,2026-01-26T19:09:01.000Z,7.326666666666667,
DSSQU9498,2026-01-26T23:20:50.000Z,8.842500000000001,
DSSQU9498,2026-01-27T02:08:48.000Z,8.894000000000002,
DSSQU9498,2026-01-27T03:32:47.000Z,9.878333333333336,
DSSQU9498,2026-01-27T03:36:59.000Z,10.318571428571431,
DSSQU9498,2026-01-27T05:47:07.000Z,10.530000000000003,
DSSQU9498,2026-01-27T14:22:24.000Z,11.320000000000002,
DSSQU9498,2026-02-10T05:18:05.000Z,16.51,20.51
DSSQU9498,2026-02-10T14:05:57.000Z,20.46,24.015
DSSQU9498,2026-02-10T20:01:03.000Z,20.92,25.276666666666667
DSZQR8376,2026-01-26T19:14:42.000Z,9.38,
DSZQR8376,2026-01-27T03:20:17.000Z,13.515,
DSZQR8376,2026-01-27T03:54:58.000Z,15.673333333333332,
DSZQR8376,2026-01-27T10:16:21.000Z,16.4525,
DSZQR8376,2026-01-27T14:53:33.000Z,15.148000000000001,
DSZQR8376,2026-02-10T20:22:01.000Z,21.0,11.66
DSZQR8376,2026-02-10T20:39:16.000Z,19.84,9.545
DTCRA7818,2026-01-26T15:40:05.000Z,10.13,
DTCRA7818,2026-01-26T22:38:50.000Z,12.835,
DTCRA7818,2026-01-27T02:25:30.000Z,12.69,
DTCRA7818,2026-01-27T04:44:59.000Z,14.0525,
DTCRA7818,2026-02-10T21:10:22.000Z,17.35,19.67
DTFVD6048,2026-01-26T23:54:18.000Z,6.88,
DTFVD6048,2026-01-27T00:28:43.000Z,7.1,
DTFVD6048,2026-01-27T01:37:36.000Z,8.34,
DTFVD6048,2026-01-27T02:11:58.000Z,9.3525,
DTFVD6048,2026-01-27T04:46:55.000Z,10.044,
DTFVD6048,2026-01-27T12:48:23.000Z,10.389999999999999,
DTKNM4892,2025-12-07T22:59:29.886Z,,
DTKNM4892,2026-01-26T12:47:08.000Z,7.41,
DTKNM4892,2026-02-10T05:48:10.000Z,16.1,17.19
DTKNM4892,2026-02-10T20:34:01.000Z,15.5,14.915000000000001
DTQTJ0507,2026-01-26T22:06:38.000Z,10.56,
DTQTJ0507,2026-01-27T11:38:50.000Z,11.875,
DTQTJ0507,2026-02-10T04:06:19.000Z,15.42,17.36
DTUGZ9693,2026-01-26T13:34:26.000Z,7.19,
DTUGZ9693,2026-01-27T04:49:26.000Z,14.395000000000001,
DTUGZ9693,2026-02-10T21:04:27.000Z,18.53,13.96
DTVYY1142,2026-01-26T12:15:35.000Z,9.32,
DTVYY1142,2026-01-27T03:48:06.000Z,13.845,
DTVYY1142,2026-01-27T09:50:39.000Z,15.25,
DTVYY1142,2026-02-10T14:22:29.000Z,27.51,29.66
DTYDP5264,2026-01-26T13:33:51.000Z,5.66,
DTYDP5264,2026-01-26T13:51:34.000Z,6.385,
DTYDP5264,2026-01-26T16:13:12.000Z,7.036666666666666,
DTYDP5264,2026-01-26T23:00:03.000Z,7.5525,
DTYDP5264,2026-01-27T01:21:37.000Z,7.587999999999999,
DTYDP5264,2026-01-27T12:51:13.000Z,8.086666666666666,
DUDWN9545,2026-01-26T18:53:10.000Z,13.66,
DUDWN9545,2026-01-27T12:28:23.000Z,15.49,
DUDWN9545,2026-02-10T15:20:08.000Z,26.09,23.01
DUGYZ8163,2026-01-26T12:03:43.000Z,9.93,
DUGYZ8163,2026-01-26T12:38:07.000Z,8.27,
DUGYZ8163,2026-01-27T06:58:57.000Z,10.76,
DUGYZ8163,2026-01-27T11:34:09.000Z,11.467500000000001,
DUGYZ8163,2026-01-27T12:08:33.000Z,12.282499999999999,
DUGYZ8163,2026-02-10T20:43:47.000Z,12.0,16.87
DUIZW8642,2026-01-27T04:00:31.000Z,14.51,
DUIZW8642,2026-01-27T07:31:22.000Z,13.94,
DUIZW8642,2026-01-27T10:27:03.000Z,14.329999999999998,
DUIZW8642,2026-01-27T14:15:24.000Z,12.372499999999999,
DUNKA8014,2026-01-26T16:52:36.000Z,12.88,
DUNKA8014,2026-01-26T23:26:25.000Z,13.105,
DUNKA8014,2026-01-27T03:09:03.000Z,14.07,
DUSKD5383,2026-01-26T12:35:39.000Z,6.58,
DUSKD5383,2026-01-26T19:33:00.000Z,8.49,
DUSKD5383,2026-01-26T23:18:58.000Z,8.676666666666668,
DUSKD5383,2026-01-27T11:28:54.000Z,10.697500000000002,
DUSKD5383,2026-01-27T12:03:39.000Z,10.944,
DUUZN2841,2026-01-26T22:18:17.000Z,8.99,
DUUZN2841,2026-01-27T14:23:21.000Z,8.780000000000001,
DUUZN2841,2026-01-27T14:40:34.000Z,9.416666666666666,
DUXLQ7589,2026-01-27T11:44:51.000Z,13.53,
DUXLQ7589,2026-02-10T23:23:22.000Z,22.16,12.99
DVCHA9392,2026-01-26T23:09:41.000Z,13.07,
DVCHA9392,2026-01-26T23:44:59.000Z,12.129999999999999,
DVCHA9392,2026-01-27T02:23:55.000Z,11.04,
DVCHA9392,2026-02-10T05:56:07.000Z,15.48,13.81
DVCMB9343,2026-01-26T12:34:16.000Z,7.51,
DVCMB9343,2026-01-26T19:09:59.000Z,9.235,
DVCMB9343,2026-02-10T21:09:45.000Z,16.71,12.53
DVNGV1890,2026-01-26T14:28:26.000Z,15.62,
DVNGV1890,2026-01-26T18:29:25.000Z,16.95,
DVNGV1890,2026-01-27T02:32:22.000Z,17.44333333333333,
DVNGV1890,2026-02-10T14:17:56.000Z,25.09,27.98
DVNGV1890,2026-02-10T23:09:16.000Z,24.355,30.1
DVPEA0040,2026-01-27T02:51:41.000Z,19.24,
DVPEA0040,2026-01-27T10:47:16.000Z,17.27,
DVPEA0040,2026-01-27T14:18:33.000Z,15.963333333333333,
DVPEA0040,2026-02-10T04:33:10.000Z,15.41,9.04
DVPZF1960,2026-01-26T18:10:36.000Z,17.37,
DVPZF1960,2026-01-27T04:19:16.000Z,22.634999999999998,
DVPZF1960,2026-01-27T05:46:13.000Z,22.336666666666662,
DVPZF1960,2026-01-27T11:16:28.000Z,21.447499999999998,
DVRBW4874,2026-01-26T22:37:26.000Z,8.73,
DVRBW4874,2026-01-27T06:42:00.000Z,9.67,
DVRBW4874,2026-01-27T14:11:45.000Z,9.793333333333333,
DVRBW4874,2026-02-10T06:11:27.000Z,16.46,16.42
DVRBW4874,2026-02-10T21:08:47.000Z,16.39,13.815000000000001
DVWMK9661,2026-01-27T12:33:09.000Z,13.89,
DVWMK9661,2026-01-27T13:58:19.000Z,12.24,
DVWMK9661,2026-01-27T14:49:24.000Z,11.08,
DVWMK9661,2026-02-10T15:04:39.000Z,26.53,20.76
DVWMK9661,2026-02-10T15:21:37.000Z,26.67,18.945
DVWMK9661,2026-02-10T23:50:39.000Z,25.30666666666667,17.59
DVYCN4987,2026-01-27T01:54:38.000Z,10.91,
DVYCN4987,2026-01-27T05:25:48.000Z,14.685,
DWBTT8209,2026-01-01T15:43:43.363Z,3.7,
DWBTT8209,2026-01-15T09:40:05.000Z,3.49,
DWBTT8209,2026-01-26T16:46:27.000Z,7.01,
DWBTT8209,2026-01-27T10:15:18.000Z,8.945,
DWBTT8209,2026-01-27T14:19:53.000Z,7.63,
DWBTT8209,2026-01-31T05:59:52.000Z,3.29,
DWBTT8209,2026-01-31T06:52:16.000Z,3.3049999999999997,
DWBTT8209,2026-02-07T07:16:36.000Z,3.94,
DWBTT8209,2026-03-01T13:11:23.000Z,3.65,
DWBTT8209,2026-03-17T08:20:08.000Z,4.2,
DWBTT8209,2026-03-24T04:20:34.000Z,3.97,
DWCTD3003,2026-01-26T12:23:24.000Z,20.33,
DWCTD3003,2026-01-26T23:04:37.000Z,17.58,
DWCTD3003,2026-01-27T01:40:33.000Z,16.063333333333333,
DWCTD3003,2026-01-27T04:51:17.000Z,15.565,
DWEIE9311,2026-01-26T16:12:16.000Z,7.59,
DWEIE9311,2026-01-27T14:38:10.000Z,9.815,
DWEIE9311,2026-02-10T04:43:29.000Z,26.61,19.63
DWEWU1433,2026-01-27T00:18:44.000Z,7.26,
DWEWU1433,2026-02-10T05:04:00.000Z,17.49,20.5
DWFRI5691,2026-01-26T14:29:56.000Z,7.03,
DWFRI5691,2026-01-26T23:52:16.000Z,8.655,
DWFRI5691,2026-01-27T06:54:02.000Z,10.753333333333332,
DWFRI5691,2026-01-27T09:32:07.000Z,11.76,
DWFRI5691,2026-02-10T19:58:30.000Z,15.06,16.34
DWGYM0810,2026-01-26T16:33:10.000Z,16.82,
DWGYM0810,2026-01-27T00:02:42.000Z,14.16,
DWGYM0810,2026-02-10T05:47:11.000Z,23.54,11.56
DWGYM0810,2026-02-10T15:16:54.000Z,29.335,14.440000000000001
DWGYM0810,2026-02-10T20:10:01.000Z,31.060000000000002,13.753333333333336
DWKUZ0134,2025-12-11T01:09:59.179Z,6.35,
DWKUZ0134,2025-12-19T14:16:06.434Z,8.0,
DWKUZ0134,2026-01-02T14:37:49.575Z,9.71,
DWKUZ0134,2026-01-26T23:34:59.000Z,13.32,
DWKUZ0134,2026-01-26T23:52:17.000Z,12.844999999999999,
DWKUZ0134,2026-01-27T14:51:26.000Z,13.453333333333333,
DWKUZ0134,2026-02-27T11:53:15.000Z,23.83,
DWKUZ0134,2026-03-24T10:53:46.000Z,6.92,
DWMKK1484,2026-01-27T03:47:10.000Z,16.0,
DWMKK1484,2026-01-27T10:50:51.000Z,16.515,
DWMKK1484,2026-01-27T14:04:50.000Z,15.756666666666668,
DWMKK1484,2026-02-10T03:30:58.000Z,19.05,15.26
DWMLU4849,2026-01-26T12:45:47.000Z,9.65,
DWMLU4849,2026-01-27T05:10:32.000Z,14.399999999999999,
DWMLU4849,2026-01-27T06:19:36.000Z,15.35,
DWMUZ3935,2026-01-25T15:00:25.000Z,6.16,
DWMUZ3935,2026-01-26T23:38:36.000Z,12.0,
DWMUZ3935,2026-01-27T03:27:56.000Z,17.3,
DWMUZ3935,2026-01-27T05:49:02.000Z,18.849999999999998,
DWMUZ3935,2026-01-27T14:02:40.000Z,16.235,
DWRMS8182,2026-01-26T12:46:45.000Z,10.02,
DWRMS8182,2026-01-27T08:57:47.000Z,12.67,
DWTBK5575,2026-02-10T23:43:08.000Z,25.49,23.06
DWTBM7891,2026-01-26T12:42:06.000Z,11.17,
DWTBM7891,2026-01-26T15:51:16.000Z,11.004999999999999,
DWTBM7891,2026-01-26T23:18:12.000Z,11.406666666666666,
DWTBM7891,2026-01-27T14:28:54.000Z,10.663333333333334,
DWZPM1574,2026-01-26T14:50:35.000Z,9.67,
DWZPM1574,2026-01-26T17:43:34.000Z,9.985,
DWZPM1574,2026-01-27T05:32:29.000Z,12.959999999999999,
DWZPM1574,2026-02-10T05:21:45.000Z,28.58,14.06
DWZPM1574,2026-02-10T20:50:08.000Z,22.099999999999998,11.155000000000001
DWZRL1539,2026-01-26T12:13:00.000Z,5.67,
DWZRL1539,2026-01-26T22:44:57.000Z,8.585,
DWZRL1539,2026-01-27T12:41:29.000Z,10.379999999999999,
DWZRL1539,2026-02-10T15:20:43.000Z,22.96,18.7
DXEMM9791,2026-01-26T15:05:19.000Z,8.17,
DXEMM9791,2026-01-27T06:01:59.000Z,11.33,
DXEMM9791,2026-01-27T14:04:28.000Z,11.376666666666667,
DXEMM9791,2026-02-10T14:21:54.000Z,20.4,18.63
DXHCB5919,2026-01-26T16:37:19.000Z,7.58,
DXHCB5919,2026-01-26T17:25:12.000Z,7.945,
DXHCB5919,2026-01-26T21:30:16.000Z,9.223333333333334,
DXHCB5919,2026-01-26T21:34:46.000Z,10.13,
DXHCB5919,2026-01-26T22:05:21.000Z,10.478,
DXHCB5919,2026-01-27T00:55:44.000Z,9.873333333333333,
DXHCB5919,2026-01-27T02:02:48.000Z,9.865714285714287,
DXHCB5919,2026-01-27T03:05:49.000Z,10.485,
DXHCB5919,2026-01-27T06:12:39.000Z,10.95111111111111,
DXHCB5919,2026-01-27T11:31:54.000Z,11.08,
DXHCB5919,2026-01-27T11:49:54.000Z,10.99,
DXHCB5919,2026-01-27T11:54:26.000Z,10.966666666666667,
DXHCB5919,2026-02-10T21:54:15.000Z,20.29,14.44
DXHCB5919,2026-02-10T21:58:27.000Z,20.39,14.575
DXHCB5919,2026-02-10T23:18:11.000Z,21.483333333333334,14.916666666666666
DXHYE9278,2026-01-27T11:30:59.000Z,17.94,
DXHYE9278,2026-01-27T12:23:10.000Z,18.925,
DXHYE9278,2026-02-10T21:48:07.000Z,18.34,17.61
DXIGM4223,2026-01-27T04:23:01.000Z,16.24,
DXIGM4223,2026-01-27T05:14:39.000Z,16.75,
DXIGM4223,2026-01-27T10:41:30.000Z,16.246666666666666,
DXIGM4223,2026-02-10T23:56:54.000Z,24.69,34.43
DXRZC4102,2026-01-26T14:18:39.000Z,9.26,
DXRZC4102,2026-02-10T21:12:41.000Z,18.94,21.09
DXUQX7513,2026-02-10T19:57:21.000Z,15.28,17.46
DXWXZ1902,2026-02-10T06:06:28.000Z,19.56,17.72
DXWXZ1902,2026-02-10T20:21:45.000Z,21.33,15.565
DXXAJ4778,2026-01-26T16:40:38.000Z,9.17,
DXXAJ4778,2026-01-26T23:37:10.000Z,9.469999999999999,
DXXAJ4778,2026-01-26T23:54:30.000Z,9.476666666666667,
DYDVV6312,2026-01-27T02:05:28.000Z,9.22,
DYDVV6312,2026-02-10T03:08:43.000Z,18.71,18.77
DYGHJ0891,2026-01-26T19:09:59.000Z,9.54,
DYGHJ0891,2026-01-27T02:03:57.000Z,10.895,
DYHTK6723,2026-01-26T13:06:13.000Z,9.63,
DYHTK6723,2026-01-27T11:30:04.000Z,11.515,
DYHTK6723,2026-02-10T20:43:44.000Z,16.71,18.19
DYLLV9237,2025-11-30T10:15:58.078Z,,
DYLLV9237,2026-01-19T01:42:02.000Z,,
DYLLV9237,2026-01-21T10:52:10.000Z,,
DYLLV9237,2026-01-26T19:22:58.000Z,10.59,
DYLLV9237,2026-01-26T23:44:39.000Z,9.565,
DYLLV9237,2026-01-27T00:02:09.000Z,12.946666666666667,
DYLLV9237,2026-01-27T12:49:56.000Z,13.447500000000002,
DYLLV9237,2026-01-31T22:04:23.000Z,,
DYLLV9237,2026-02-05T17:30:46.000Z,,
DYLLV9237,2026-02-06T00:46:50.000Z,,
DYLLV9237,2026-02-10T14:35:40.000Z,29.82,29.18
DYLLV9237,2026-02-20T23:51:16.000Z,,
DYRMT9480,2026-01-26T20:10:08.000Z,9.78,
DYRMT9480,2026-01-27T01:08:24.000Z,8.465,
DYRMT9480,2026-01-27T14:00:18.000Z,8.133333333333333,
DYSHC8669,2026-01-26T13:19:44.000Z,12.92,
DYSHC8669,2026-02-10T14:15:45.000Z,23.22,31.19
DYSHC8669,2026-02-10T20:52:40.000Z,19.27,26.490000000000002
DYUGS4351,2026-01-27T05:53:31.000Z,12.69,
DYUGS4351,2026-02-10T15:23:09.000Z,25.81,15.03
DYUGS4351,2026-02-10T20:15:28.000Z,20.16,13.975
DYWEY8508,2026-01-27T02:41:57.000Z,9.33,
DYWEY8508,2026-02-10T23:51:55.000Z,23.84,17.9
DYWHJ8696,2026-01-26T17:42:53.000Z,8.37,
DYWHJ8696,2026-02-10T23:11:52.000Z,22.21,16.21
DYWWS0378,2025-09-18T16:19:43.804Z,,14.39
DYWWS0378,2026-01-26T15:25:12.000Z,7.0,
DYWWS0378,2026-01-26T15:59:53.000Z,9.030000000000001,
DYWWS0378,2026-02-10T14:50:10.000Z,18.39,16.94
DYZXT2661,2026-01-26T23:24:40.000Z,13.75,
DYZXT2661,2026-01-27T05:07:56.000Z,15.45,
DZBHR9476,2026-01-26T12:14:59.000Z,11.72,
DZBKX0961,2026-01-26T12:57:19.000Z,8.82,
DZBKX0961,2026-01-26T17:51:08.000Z,9.71,
DZBKX0961,2026-02-10T04:56:39.000Z,18.21,11.18
DZBKX0961,2026-02-10T06:05:32.000Z,18.585,11.530000000000001
DZBKX0961,2026-02-10T21:00:50.000Z,20.083333333333332,11.790000000000001
DZFFW4078,2026-01-27T00:45:43.000Z,6.79,
DZFFW4078,2026-01-27T01:02:55.000Z,6.85,
DZFFW4078,2026-01-27T06:12:37.000Z,9.326666666666666,
DZFFW4078,2026-01-27T14:14:05.000Z,9.84,
DZFFW4078,2026-01-27T14:48:28.000Z,9.736,
DZFVS4727,2026-02-10T21:35:48.000Z,21.04,14.51
DZIEF7974,2026-01-26T20:14:39.000Z,8.69,
DZIEF7974,2026-01-26T23:27:08.000Z,9.645,
DZIEF7974,2026-01-27T04:07:11.000Z,12.216666666666667,
DZIHS7092,2026-01-26T22:58:06.000Z,10.68,
DZIHS7092,2026-02-10T14:51:11.000Z,26.88,22.81
DZKWB0839,2026-01-26T12:20:34.000Z,10.13,
DZKWB0839,2026-01-26T23:18:22.000Z,10.725000000000001,
DZKWB0839,2026-01-27T00:44:59.000Z,9.39,
DZKWB0839,2026-01-27T12:51:43.000Z,15.726666666666667,
DZLAV7766,2026-01-26T12:25:38.000Z,10.88,
DZLAV7766,2026-01-27T00:23:02.000Z,12.855,
DZLAV7766,2026-01-27T00:40:28.000Z,12.530000000000001,
DZLAV7766,2026-01-27T02:09:28.000Z,14.835,
DZLAV7766,2026-01-27T03:36:53.000Z,17.332,
DZLAV7766,2026-01-27T04:11:51.000Z,18.496666666666666,
DZLAV7766,2026-01-27T07:06:38.000Z,18.895714285714284,
DZLAV7766,2026-02-10T21:55:33.000Z,23.79,17.2
DZTFU6199,2026-01-27T11:05:11.000Z,11.8,
DZUWB2477,2026-01-27T02:44:39.000Z,11.34,
DZUWB2477,2026-01-27T14:32:14.000Z,13.24,
DZUWB2477,2026-02-10T15:27:52.000Z,28.84,19.85
DZUWB2477,2026-02-10T21:45:45.000Z,26.165,19.520000000000003
